{
  "hash": "7ade5820",
  "configHash": "1e635b7e",
  "lockfileHash": "e3250b10",
  "browserHash": "7e7f7dc0",
  "optimized": {
    "@angular/cdk/drag-drop": {
      "src": "../../../../../node_modules/@angular/cdk/fesm2022/drag-drop.mjs",
      "file": "@angular_cdk_drag-drop.js",
      "fileHash": "0760ef4c",
      "needsInterop": false
    },
    "@angular/common": {
      "src": "../../../../../node_modules/@angular/common/fesm2022/common.mjs",
      "file": "@angular_common.js",
      "fileHash": "973d7bba",
      "needsInterop": false
    },
    "@angular/core": {
      "src": "../../../../../node_modules/@angular/core/fesm2022/core.mjs",
      "file": "@angular_core.js",
      "fileHash": "2fe357a5",
      "needsInterop": false
    },
    "@angular/platform-browser": {
      "src": "../../../../../node_modules/@angular/platform-browser/fesm2022/platform-browser.mjs",
      "file": "@angular_platform-browser.js",
      "fileHash": "a0ac88a1",
      "needsInterop": false
    }
  },
  "chunks": {
    "chunk-TA34IKU2": {
      "file": "chunk-TA34IKU2.js"
    },
    "chunk-TT2KVHWQ": {
      "file": "chunk-TT2KVHWQ.js"
    }
  }
}